{"cameraMode":{"drawMode":0,"name":"Shaded","section":"Shading Mode"},"sceneLighting":true,"audioPlay":false,"sceneViewState":{"m_AlwaysRefresh":false,"showFog":true,"showSkybox":true,"showFlares":true,"showImageEffects":true,"showParticleSystems":true,"showVisualEffectGraphs":true,"m_FxEnabled":true},"in2DMode":false,"pivot":{"x":-0.23488041758537293,"y":-0.2005355954170227,"z":-14.48324966430664},"rotation":{"x":0.044975850731134418,"y":0.01977485604584217,"z":0.0008903866400942206,"w":-0.9987939596176148},"size":0.6673191785812378,"orthographic":false}